"","MarkerName","Allele1","Allele2","Weight","Zscore","P-value","Direction","fdr_p"
"1","rs2295767",NA,NA,1,3.991,6.58e-05,"??+??",2.7434357544268e-05
"2","rs654178","a","g",2,0.248,0.8041,"??+?-",0.238510475899888
"3","rs17011073",NA,NA,1,4.002,6.27e-05,"??+??",2.64334256046613e-05
"4","rs473611",NA,NA,1,4.248,2.16e-05,"??+??",1.42898700398432e-05
"5","rs9290036","t","c",2,0,0.9999,"??+?-",0.28030856419041
"6","rs2731006",NA,NA,1,4.611,4e-06,"??+??",4.64351038907752e-06
"7","rs10504731",NA,NA,1,4.327,1.51e-05,"??+??",1.18761983176211e-05
"8","rs938989",NA,NA,1,4.084,4.42e-05,"??+??",2.08620149041028e-05
"9","rs6877440",NA,NA,1,4.002,6.27e-05,"??+??",2.64334256046613e-05
"10","rs16977877",NA,NA,1,4.282,1.85e-05,"??+??",1.32422224986402e-05
"11","rs1995172",NA,NA,1,4.271,1.95e-05,"??+??",1.3598455331005e-05
"12","rs2014595","t","c",2,0.239,0.811,"??+?-",0.240065805632289
"13","rs16925503","a","t",2,6.297,3.032e-10,"??++?",8.16812909789545e-09
"14","rs6474063","t","c",2,5.693,1.25e-08,"??++?",3.04440209208034e-08
"15","rs8020871","t","c",2,0,0.9999,"??+-?",0.28030856419041
"16","rs240199",NA,NA,1,4.152,3.3e-05,"??+??",1.80449682293809e-05
"17","rs2172239",NA,NA,1,4.19,2.79e-05,"??+??",1.64432178970366e-05
"18","rs2452144","a","g",2,0,0.9999,"??+?-",0.28030856419041
"19","rs10517224",NA,NA,1,4.089,4.33e-05,"??+??",2.06644488717115e-05
"20","rs1124814",NA,NA,1,4.088,4.36e-05,"??+??",2.07307905442005e-05
"21","rs12587312",NA,NA,1,4.065,4.8e-05,"??+??",2.16504070014997e-05
"22","rs12573122","t","c",2,5.679,1.356e-08,"??+?+",3.13047481787287e-08
"23","rs1190053",NA,NA,1,3.93,8.48e-05,"??+??",3.33185877852557e-05
"24","rs6437008","c","g",2,0,1,"??+?-",0.280328739209692
"25","rs574291",NA,NA,1,4.238,2.26e-05,"??+??",1.45947669887762e-05
"26","rs17260539",NA,NA,1,5.16,2.47e-07,"??+??",3.57621260120287e-07
"27","rs11896599",NA,NA,1,4.125,3.7e-05,"??+??",1.91480962255029e-05
"28","rs13139693","t","c",1,0.021,0.983,"?+???",0.276882659479422
"29","rs2309573","t","g",2,5.894,3.779e-09,"??+?+",1.7409003205062e-08
"30","rs10009678","t","c",2,0,0.9998,"??+?-",0.280288388039937
"31","rs11009391","c","g",2,5.887,3.926e-09,"??++?",1.76192517261576e-08
"32","rs12537293",NA,NA,1,3.928,8.58e-05,"??+??",3.36560901285507e-05
"33","rs6581196","a","c",2,0,1,"??+-?",0.280328739209692
"34","rs17124097",NA,NA,1,4.161,3.17e-05,"??+??",1.76590515906499e-05
"35","rs4659488",NA,NA,1,4.066,4.78e-05,"??+??",2.16106608731139e-05
"36","rs12480756","t","c",2,0,0.9999,"??+?-",0.28030856419041
"37","rs7760028",NA,NA,1,4.189,2.8e-05,"??+??",1.64770168322608e-05
"38","rs667039",NA,NA,1,4.24,2.24e-05,"??+??",1.45349569234368e-05
"39","rs3020265","a","g",2,6.267,3.679e-10,"??+?+",8.16812909789545e-09
"40","rs2729017",NA,NA,1,4.143,3.43e-05,"??+??",1.84169389174156e-05
"41","rs762874",NA,NA,1,4.067,4.77e-05,"??+??",2.1590717954686e-05
"42","rs12962858","t","c",2,0,0.9999,"??+-?",0.28030856419041
"43","rs607831","t","c",2,0,0.9999,"??+?-",0.28030856419041
"44","rs492632",NA,NA,1,4.231,2.33e-05,"??+??",1.47996816551068e-05
"45","rs676655",NA,NA,1,4.241,2.23e-05,"??+??",1.45048363299887e-05
"46","rs2317582","c","g",2,0,0.9997,"??+?-",0.280268210758178
"47","rs802661","t","g",2,0,0.9999,"??+?-",0.28030856419041
"48","rs3783654",NA,NA,1,4.062,4.87e-05,"??+??",2.1788068500597e-05
"49","rs17314064","a","c",2,5.713,1.113e-08,"??+?+",2.91806537523031e-08
"50","rs16989303",NA,NA,1,4.526,6e-06,"??+??",6.41507354310816e-06
"51","rs1853182",NA,NA,1,3.896,9.76e-05,"??+??",3.80160308124423e-05
"52","rs7688285","a","g",1,3.957,7.6e-05,"?+???",3.05773502536706e-05
"53","rs527287",NA,NA,1,4.244,2.2e-05,"??+??",1.44135997858765e-05
"54","rs579303",NA,NA,1,4.247,2.17e-05,"??+??",1.43210287042203e-05
"55","rs2040256","a","g",2,0,0.9999,"??+?-",0.28030856419041
"56","rs7279330",NA,NA,1,4.148,3.35e-05,"??+??",1.81896425326897e-05
"57","rs17035820","a","t",1,-1.589,0.112,"?-???",0.0418028932995897
"58","rs17466684",NA,NA,1,4.961,7e-07,"??+??",9.47647884255202e-07
"59","rs4969277","t","c",2,0,0.9996,"??+?-",0.280248032345037
"60","rs8040090",NA,NA,1,4.282,1.85e-05,"??+??",1.32422224986402e-05
"61","rs6693777",NA,NA,1,4.626,3.72e-06,"??+??",4.37094737485467e-06
"62","rs519514","t","c",2,0,1,"??+?-",0.280328739209692
"63","rs489624",NA,NA,1,4.239,2.25e-05,"??+??",1.45649334660617e-05
"64","rs573497",NA,NA,1,4.235,2.29e-05,"??+??",1.4683419600078e-05
"65","rs2560770",NA,NA,1,3.992,6.54e-05,"??+??",2.73064475753063e-05
"66","rs17498088","a","g",2,0,0.9999,"??+?-",0.28030856419041
"67","rs16987706",NA,NA,1,3.962,7.44e-05,"??+??",3.00989702845905e-05
"68","rs831207","t","c",2,5.601,2.136e-08,"??+?+",3.71982186523295e-08
"69","rs9855937",NA,NA,1,4.187,2.83e-05,"??+??",1.65777986272845e-05
"70","rs1953356","a","g",2,0,0.9999,"??+?-",0.28030856419041
"71","rs8101383",NA,NA,1,4.241,2.23e-05,"??+??",1.45048363299887e-05
"72","rs10517221",NA,NA,1,4.082,4.47e-05,"??+??",2.09699077976091e-05
"73","rs12589803",NA,NA,1,4.089,4.33e-05,"??+??",2.06644488717115e-05
"74","rs1457567",NA,NA,1,4.342,1.41e-05,"??+??",1.14215291971277e-05
"75","rs4976549",NA,NA,1,4.269,1.96e-05,"??+??",1.36330717741123e-05
"76","rs755165",NA,NA,1,4.173,3e-05,"??+??",1.71320110984845e-05
"77","rs10867359",NA,NA,1,4.041,5.32e-05,"??+??",2.32220800246047e-05
"78","rs10484886","t","c",2,0,1,"??+?-",0.280328739209692
"79","rs6754376",NA,NA,1,3.979,6.91e-05,"??+??",2.84758833723825e-05
"80","rs12586624","t","c",2,5.698,1.213e-08,"??+?+",3.01208610158832e-08
"81","rs11058396","a","t",2,6.038,1.559e-09,"??+?+",1.22463698403479e-08
"82","rs10872898",NA,NA,1,4.01,6.08e-05,"??+??",2.58088393124848e-05
"83","rs473386",NA,NA,1,4.248,2.16e-05,"??+??",1.42898700398432e-05
"84","rs610696",NA,NA,1,4.248,2.16e-05,"??+??",1.42898700398432e-05
"85","rs936336","a","g",2,5.827,5.634e-09,"??+?+",2.13097413300235e-08
"86","rs2121721","t","c",2,0,1,"??+?-",0.280328739209692
"87","rs502229",NA,NA,1,4.249,2.15e-05,"??+??",1.42585587094984e-05
"88","rs6812324","t","c",1,-1.279,0.201,"?-???",0.0726093011942295
"89","rs359983",NA,NA,1,4.095,4.23e-05,"??+??",2.04397141188559e-05
"90","rs7301616",NA,NA,1,4.908,9.21e-07,"??+??",1.23181176445304e-06
"91","rs3848527","c","g",2,5.762,8.336e-09,"??+?+",2.58944639642001e-08
"92","rs7070456",NA,NA,1,3.94,8.15e-05,"??+??",3.21969029510804e-05
"93","rs1711792",NA,NA,1,4.234,2.3e-05,"??+??",1.47126911577434e-05
"94","rs565500",NA,NA,1,4.237,2.27e-05,"??+??",1.46244585126795e-05
"95","rs6745989",NA,NA,1,4.548,5.41e-06,"??+??",5.92226021439502e-06
"96","rs4512259","t","c",2,5.631,1.79e-08,"??+?+",3.48972066333667e-08
"97","rs830838","t","c",2,5.875,4.217e-09,"??++?",1.80049973894584e-08
"98","rs827411","a","c",2,5.981,2.223e-09,"??+?+",1.42338124654133e-08
"99","rs666550",NA,NA,1,4.242,2.22e-05,"??+??",1.44745706448725e-05
"100","rs9374185","t","c",2,5.885,3.99e-09,"??+?+",1.77074340037488e-08
"101","rs2159211","t","c",2,0,0.9999,"??+?-",0.28030856419041
"102","rs12230432",NA,NA,1,4.157,3.22e-05,"??+??",1.78091810954486e-05
"103","rs17033088","t","g",2,5.572,2.513e-08,"??+?+",4.22679672980373e-08
"104","rs607560",NA,NA,1,4.25,2.14e-05,"??+??",1.42270935884199e-05
"105","rs4691041",NA,NA,1,3.971,7.16e-05,"??+??",2.92489637939771e-05
"106","rs7973547","a","c",2,5.618,1.931e-08,"??+?+",3.58982004884147e-08
"107","rs12952980",NA,NA,1,4.301,1.7e-05,"??+??",1.26710919926804e-05
"108","rs1129304","a","t",1,0.088,0.93,"?+???",0.265923956384335
"109","rs549227",NA,NA,1,4.244,2.2e-05,"??+??",1.44135997858765e-05
"110","rs7615678",NA,NA,1,4.417,1e-05,"??+??",9.23312500626579e-06
"111","rs729057",NA,NA,1,4.075,4.6e-05,"??+??",2.12443928495412e-05
"112","rs6868743","t","g",2,0,1,"??+?-",0.280328739209692
"113","rs4690879","t","c",1,-1.155,0.248,"?-???",0.0880919445426225
"114","rs699945",NA,NA,1,4.228,2.36e-05,"??+??",1.48854560520346e-05
"115","rs3891830","a","g",2,0,1,"??+?-",0.280328739209692
"116","rs12061304","a","g",2,6.293,3.119e-10,"??++?",8.16812909789545e-09
"117","rs1913844","c","g",2,5.624,1.867e-08,"??+?+",3.54556168383408e-08
"118","rs4908458","t","c",2,0,0.9999,"??+?-",0.28030856419041
"119","rs11100093","a","t",1,0.99,0.322,"?+???",0.111447978336005
"120","rs16999519","t","c",2,0,0.9999,"??+-?",0.28030856419041
"121","rs2880774","t","c",1,1.805,0.071,"?+???",0.0269118767053345
"122","rs559909",NA,NA,1,4.237,2.27e-05,"??+??",1.46244585126795e-05
"123","rs10894993",NA,NA,1,5.003,5.64e-07,"??+??",7.7295977691419e-07
"124","rs9952946","c","g",2,6.218,5.043e-10,"??+?+",8.29389098406024e-09
"125","rs4901869",NA,NA,1,4.526,6e-06,"??+??",6.41507354310816e-06
"126","rs4749806","t","c",2,6.026,1.685e-09,"??+?+",1.24701436350039e-08
"127","rs1401775",NA,NA,1,3.921,8.83e-05,"??+??",3.45147850640755e-05
"128","rs13417780",NA,NA,1,4.846,1.26e-06,"??+??",1.6574546105055e-06
"129","rs4702982",NA,NA,1,4.526,6e-06,"??+??",6.41507354310816e-06
"130","rs860554",NA,NA,1,5.451,5e-08,"??+??",7.70904032826653e-08
"131","rs12420498",NA,NA,1,4.046,5.2e-05,"??+??",2.28001951102431e-05
"132","rs6037941","a","g",2,5.652,1.586e-08,"??+?+",3.32633467077309e-08
"133","rs486428",NA,NA,1,4.245,2.19e-05,"??+??",1.43828924795602e-05
"134","rs16985077",NA,NA,1,4.098,4.17e-05,"??+??",2.03021542904482e-05
"135","rs359965",NA,NA,1,4.058,4.94e-05,"??+??",2.19235159787089e-05
"136","rs9507148","t","g",2,0,1,"??+?-",0.280328739209692
"137","rs3913795","t","c",2,5.634,1.76e-08,"??+?+",3.46715212782677e-08
"138","rs489403","a","g",2,5.578,2.434e-08,"??+?+",4.12102387831301e-08
"139","rs2331471",NA,NA,1,4.086,4.39e-05,"??+??",2.07966440992189e-05
"140","rs2092357",NA,NA,1,3.904,9.45e-05,"??+??",3.68085988694464e-05
"141","rs6882892","t","g",2,5.522,3.36e-08,"??++?",5.32848867489782e-08
"142","rs1033816",NA,NA,1,4.137,3.52e-05,"??+??",1.86666800712981e-05
"143","rs9384168",NA,NA,1,4.146,3.38e-05,"??+??",1.82754751677263e-05
"144","rs9397673",NA,NA,1,4.146,3.39e-05,"??+??",1.83039260925954e-05
"145","rs9386927","a","g",2,5.646,1.646e-08,"??+?+",3.37690399531261e-08
"146","rs16884487",NA,NA,1,4.193,2.75e-05,"??+??",1.63069845514483e-05
"147","rs11883474",NA,NA,1,4.271,1.95e-05,"??+??",1.3598455331005e-05
"148","rs2103868",NA,NA,1,4.565,5e-06,"??+??",5.56571480774782e-06
"149","rs17113722","t","c",2,6.09,1.128e-09,"??+?+",1.1217780023017e-08
"150","rs11567",NA,NA,1,4.107,4e-05,"??+??",1.99008566314698e-05
"151","rs2080721","c","g",2,5.746,9.124e-09,"??+?+",2.69381630548711e-08
"152","rs12700260","t","c",2,0,1,"??+?-",0.280328739209692
"153","rs78726293","a","t",1,2.132,0.033,"?+???",0.0126911343164949
"154","rs10485741",NA,NA,1,3.906,9.38e-05,"??+??",3.65359525432818e-05
"155","rs862728",NA,NA,1,4.234,2.3e-05,"??+??",1.47126911577434e-05
"156","rs1949817","a","t",2,5.608,2.043e-08,"??+?+",3.66294313239364e-08
"157","rs805438","a","t",2,0,0.9999,"??+?-",0.28030856419041
"158","rs16949303",NA,NA,1,4.202,2.64e-05,"??+??",1.59235687667912e-05
"159","rs9397672",NA,NA,1,4.13,3.63e-05,"??+??",1.89636637504224e-05
"160","rs10773829",NA,NA,1,4.085,4.41e-05,"??+??",2.08402779466373e-05
"161","rs1040296",NA,NA,1,4.156,3.24e-05,"??+??",1.78686327908505e-05
"162","rs756909","a","t",2,5.725,1.034e-08,"??+?+",2.8360239002481e-08
"163","rs1543991","t","c",2,5.745,9.197e-09,"??+?+",2.70296410885692e-08
"164","rs4905446","a","c",2,5.625,1.851e-08,"??+?+",3.53419773172123e-08
"165","rs16943799",NA,NA,1,3.894,9.85e-05,"??+??",3.83665750239258e-05
"166","rs2078711",NA,NA,1,4.59,4.43e-06,"??+??",5.04957568000757e-06
"167","rs3810265",NA,NA,1,4.611,4e-06,"??+??",4.64351038907752e-06
"168","rs318156","a","t",2,0,1,"??+?-",0.280328739209692
"169","rs6668266","t","c",2,5.896,3.732e-09,"??+?+",1.73394096567831e-08
"170","rs1615781",NA,NA,1,4.245,2.19e-05,"??+??",1.43828924795602e-05
"171","rs3821081","a","g",2,0,1,"??+?-",0.280328739209692
"172","rs670137",NA,NA,1,4.238,2.26e-05,"??+??",1.45947669887762e-05
"173","rs16861999",NA,NA,1,4.035,5.46e-05,"??+??",2.37095366643805e-05
"174","rs16849891",NA,NA,1,4.399,1.09e-05,"??+??",9.76437508163331e-06
"175","rs879153",NA,NA,1,4.197,2.71e-05,"??+??",1.61690679619533e-05
"176","rs1209400","t","c",2,5.61,2.018e-08,"??+?+",3.64707558950702e-08
"177","rs4502795","a","t",2,0,1,"??+?-",0.280328739209692
"178","rs10783899","t","c",2,0,1,"??+-?",0.280328739209692
"179","rs4976138",NA,NA,1,4.154,3.27e-05,"??+??",1.79571765025502e-05
"180","rs545142","a","t",2,6.118,9.483e-10,"??+?+",1.06071146636755e-08
"181","rs1383290",NA,NA,1,4.006,6.17e-05,"??+??",2.61057642660595e-05
"182","rs925234","t","c",2,5.702,1.184e-08,"??+?+",2.98585965602487e-08
"183","rs17084721",NA,NA,1,4.112,3.92e-05,"??+??",1.97058671846497e-05
"184","rs280039",NA,NA,1,4.109,3.97e-05,"??+??",1.98282082646283e-05
"185","rs11610341",NA,NA,1,4.283,1.84e-05,"??+??",1.3205560343794e-05
"186","rs1418688",NA,NA,1,5.339,9.33e-08,"??+??",1.41827916249562e-07
"187","rs496560",NA,NA,1,4.237,2.27e-05,"??+??",1.46244585126795e-05
"188","rs12579350",NA,NA,1,5.884,4e-09,"??+??",1.77210357065717e-08
"189","rs9397674",NA,NA,1,4.157,3.23e-05,"??+??",1.78389494402156e-05
"190","rs281128","t","c",2,0,1,"??+?-",0.280328739209692
"191","rs2055984","t","c",2,0,0.9999,"??+-?",0.28030856419041
"192","rs2981884",NA,NA,1,4.431,9.4e-06,"??+??",8.86046033622318e-06
"193","rs4579052","t","g",2,5.7,1.2e-08,"??+?+",3.00042957141323e-08
"194","rs17035816","a","g",1,-0.872,0.383,"?-???",0.129819929845408
"195","rs16999009","a","g",2,0,0.9999,"??+-?",0.28030856419041
"196","rs7689138","t","g",1,0.671,0.502,"?+???",0.163558384742756
"197","rs3749380",NA,NA,1,4.753,2e-06,"??+??",2.53956202106668e-06
"198","rs12613353","t","g",2,5.539,3.044e-08,"??+?+",4.92786509374464e-08
"199","rs230117",NA,NA,1,3.982,6.84e-05,"??+??",2.82569787826815e-05
"200","rs28935","a","g",1,2.044,0.041,"+????",0.0157194099947677
"201","rs1353854",NA,NA,1,4.063,4.85e-05,"??+??",2.17489649244434e-05
"202","rs2281964","t","c",2,0,1,"??+?-",0.280328739209692
"203","rs819147","t","c",2,6.506,7.732e-11,"??+?+",8.16812909789545e-09
"204","rs7324557","a","g",2,0.116,0.9079,"??+?-",0.261255632587397
"205","rs16938184",NA,NA,1,5.122,3.03e-07,"??+??",4.31231855901186e-07
"206","rs11102149","c","g",2,0.463,0.6435,"??+-?",0.200421062602748
"207","rs9895016",NA,NA,1,4.06,4.91e-05,"??+??",2.18657347264116e-05
"208","rs1409147","a","g",2,0,1,"??+?-",0.280328739209692
"209","rs17788159","t","c",2,5.673,1.404e-08,"??+?+",3.16656845966812e-08
"210","rs781430",NA,NA,1,4.094,4.24e-05,"??+??",2.04624402691334e-05
"211","rs11134510",NA,NA,1,4.263,2.02e-05,"??+??",1.38370915036992e-05
"212","rs9823822","a","g",2,0,1,"??+?-",0.280328739209692
"213","rs2196586","t","c",2,0,1,"??+-?",0.280328739209692
"214","rs1885629",NA,NA,1,4.096,4.21e-05,"??+??",2.03940908335719e-05
"215","rs11741476",NA,NA,1,4.326,1.52e-05,"??+??",1.1920216374639e-05
"216","rs4624663",NA,NA,1,4.531,5.87e-06,"??+??",6.3084705148688e-06
"217","rs6470380",NA,NA,1,4.1,4.14e-05,"??+??",2.02325912834048e-05
"218","rs4482172",NA,NA,1,4.239,2.25e-05,"??+??",1.45649334660617e-05
"219","rs2911968","t","c",2,0,0.9999,"??+?-",0.28030856419041
"220","rs12132140",NA,NA,1,4.09,4.32e-05,"??+??",2.06422255711706e-05
"221","rs7980248","t","c",2,0,0.9999,"??+?-",0.28030856419041
"222","rs9563740","a","g",2,5.776,7.63e-09,"??+?+",2.48624388226082e-08
"223","rs4234607","c","g",2,0,0.9999,"??+?-",0.28030856419041
"224","rs3990701",NA,NA,1,4.135,3.55e-05,"??+??",1.87485614466811e-05
"225","rs7593927","t","g",2,5.532,3.171e-08,"??++?",5.09086358915188e-08
"226","rs6486251","t","g",2,5.56,2.696e-08,"??+?+",4.46691712298648e-08
"227","rs592255",NA,NA,1,4.238,2.26e-05,"??+??",1.45947669887762e-05
"228","rs10872970",NA,NA,1,4.071,4.69e-05,"??+??",2.14294762937282e-05
"229","rs640694",NA,NA,1,4.243,2.21e-05,"??+??",1.44441588171917e-05
"230","rs831215",NA,NA,1,4.235,2.29e-05,"??+??",1.4683419600078e-05
"231","rs7032394",NA,NA,1,4.481,7.42e-06,"??+??",7.51200804508069e-06
"232","rs4383853","t","c",2,0,0.9998,"??+?-",0.280288388039937
"233","rs7655209","a","g",1,1.17,0.242,"?+???",0.0861442834029509
"234","rs7299940",NA,NA,1,4.494,7e-06,"??+??",7.19988986452588e-06
"235","rs2276435","a","g",2,0,0.9999,"??+-?",0.28030856419041
"236","rs16862246","a","g",2,0,0.9999,"??+?-",0.28030856419041
"237","rs2343747","c","g",1,-1.645,0.1,"?-???",0.0374919338005185
"238","rs10216809",NA,NA,1,5.7,1.2e-08,"??+??",3.00042957141323e-08
"239","rs941184",NA,NA,1,5.123,3e-07,"??+??",4.27352034752596e-07
"240","rs10498424","a","t",2,0,0.9997,"??+?-",0.280268210758178
"241","rs12577421","c","g",2,5.624,1.868e-08,"??+?+",3.5462678707271e-08
"242","rs2912065","t","g",2,0,0.9999,"??+?-",0.28030856419041
"243","rs34271232",NA,NA,1,3.906,9.38e-05,"??+??",3.65359525432818e-05
"244","rs11160738",NA,NA,1,4.068,4.75e-05,"??+??",2.15506915889738e-05
"245","rs916208",NA,NA,1,4.073,4.64e-05,"??+??",2.13271415171762e-05
"246","rs2202528",NA,NA,1,4.112,3.92e-05,"??+??",1.97058671846497e-05
"247","rs17033012","a","g",2,5.77,7.91e-09,"??+?+",2.52836083676866e-08
"248","rs4499314",NA,NA,1,3.941,8.11e-05,"??+??",3.20803959269811e-05
"249","rs17357756",NA,NA,1,4.256,2.08e-05,"??+??",1.40350088566646e-05
"250","rs505095",NA,NA,1,4.24,2.24e-05,"??+??",1.45349569234368e-05
"251","rs2114326",NA,NA,1,4.057,4.97e-05,"??+??",2.19809003272262e-05
"252","rs2806561",NA,NA,1,3.98,6.89e-05,"??+??",2.84134492608934e-05
"253","rs6657279",NA,NA,1,4.017,5.9e-05,"??+??",2.52091428156166e-05
"254","rs12514420","t","c",2,5.971,2.353e-09,"??+?+",1.45908932821837e-08
"255","rs2912057","t","c",2,6.212,5.238e-10,"??+?+",8.30673323783178e-09
"256","rs2031069","t","c",2,5.931,3.002e-09,"??+?+",1.60824039559682e-08
"257","rs6459728",NA,NA,1,4.221,2.43e-05,"??+??",1.51537820801337e-05
"258","rs7613189",NA,NA,1,4.403,1.07e-05,"??+??",9.64907235937082e-06
"259","rs12486463",NA,NA,1,4.246,2.18e-05,"??+??",1.4352035816454e-05
"260","rs11160311","t","c",2,6.068,1.293e-09,"??+?+",1.16702277877948e-08
"261","rs10937184",NA,NA,1,4.297,1.73e-05,"??+??",1.27890612280984e-05
"262","rs10880717",NA,NA,1,4.287,1.81e-05,"??+??",1.30943981632273e-05
"263","rs4939450","c","g",2,5.764,8.192e-09,"??+?+",2.56918662284221e-08
"264","rs8013992",NA,NA,1,4.336,1.45e-05,"??+??",1.16066234133853e-05
"265","rs7758009",NA,NA,1,4.129,3.64e-05,"??+??",1.89902247367321e-05
"266","rs28933","a","g",1,3.719,2e-04,"+????",7.78985954467112e-05
"267","rs13356494",NA,NA,1,5.067,4.05e-07,"??+??",5.67863489825375e-07
"268","rs669712",NA,NA,1,4.238,2.26e-05,"??+??",1.45947669887762e-05
"269","rs677168",NA,NA,1,4.242,2.22e-05,"??+??",1.44745706448725e-05
"270","rs7716372",NA,NA,1,3.955,7.65e-05,"??+??",3.07257679260292e-05
"271","rs2542588","t","c",2,0,0.9998,"??+?-",0.280288388039937
"272","rs11966947",NA,NA,1,4.248,2.16e-05,"??+??",1.42898700398432e-05
"273","rs978708",NA,NA,1,4.058,4.94e-05,"??+??",2.19235159787089e-05
"274","rs17035763","a","g",1,1.977,0.048,"?+???",0.018353953329925
"275","rs2483924",NA,NA,1,4.066,4.79e-05,"??+??",2.16305571676152e-05
"276","rs7664666","t","g",1,0.572,0.567,"?+???",0.18090507749365
"277","rs7920472","t","c",2,0,0.9999,"??+?-",0.28030856419041
"278","rs16884410",NA,NA,1,4.103,4.07e-05,"??+??",2.0068205898625e-05
"279","rs191260602","a","g",1,-2.132,0.033,"?-???",0.0126911343164949
"280","rs2118261","a","g",2,5.705,1.166e-08,"??++?",2.96916631232599e-08
"281","rs9302001","t","c",2,0,0.9998,"??+-?",0.280288388039937
"282","rs2277037","a","g",2,0,1,"??+?-",0.280328739209692
"283","rs10508311","c","g",2,5.945,2.76e-09,"??+?+",1.55762406621499e-08
"284","rs8079759",NA,NA,1,3.961,7.47e-05,"??+??",3.01890686924478e-05
"285","rs3816995","a","g",2,0.789,0.4303,"??+-?",0.143551026681984
"286","rs2966701","a","g",2,0,1,"??+-?",0.280328739209692
"287","rs2422958","a","c",2,0,0.9999,"??+?-",0.28030856419041
"288","rs944805","t","c",2,6.388,1.676e-10,"??+?+",8.16812909789545e-09
"289","rs10515131",NA,NA,1,3.981,6.85e-05,"??+??",2.82883169942123e-05
"290","rs12604363","t","g",2,0,0.9999,"??+?-",0.28030856419041
"291","rs805439","t","c",2,0,0.9998,"??+?-",0.280288388039937
"292","rs501448",NA,NA,1,4.248,2.16e-05,"??+??",1.42898700398432e-05
"293","rs9861473","a","g",2,5.682,1.333e-08,"??+?+",3.11256940156315e-08
"294","rs7662298","a","g",1,-1.341,0.18,"?-???",0.0655202947968424
"295","rs1969025","a","g",2,6.03,1.642e-09,"??+?+",1.23967462747164e-08
"296","rs13017273","a","g",2,0,1,"??+?-",0.280328739209692
"297","rs10511969","t","c",2,0,1,"??+?-",0.280328739209692
"298","rs7170126","t","c",2,0,0.9999,"??+-?",0.28030856419041
"299","rs11172630","t","c",2,5.6,2.149e-08,"??++?",3.72751372472507e-08
"300","rs4917611","t","c",2,0,1,"??+-?",0.280328739209692
"301","rs607546",NA,NA,1,4.241,2.23e-05,"??+??",1.45048363299887e-05
"302","rs530874840",NA,NA,1,4.229,2.35e-05,"??+??",1.48569981308465e-05
"303","rs1992272",NA,NA,1,4.224,2.4e-05,"??+??",1.50395313624484e-05
"304","rs9372078",NA,NA,1,5.026,5e-07,"??+??",6.91528406362044e-07
"305","rs2731000",NA,NA,1,4.065,4.81e-05,"??+??",2.16702105373157e-05
"306","rs1877962",NA,NA,1,4.658,3.2e-06,"??+??",3.84677661116399e-06
"307","rs751056","a","g",2,5.718,1.077e-08,"??++?",2.88159528788268e-08
"308","rs669188",NA,NA,1,4.238,2.26e-05,"??+??",1.45947669887762e-05
"309","rs7597899",NA,NA,1,4.425,9.64e-06,"??+??",9.01137927151618e-06
"310","rs4884343",NA,NA,1,4.236,2.28e-05,"??+??",1.46540090491735e-05
"311","rs610640",NA,NA,1,4.248,2.16e-05,"??+??",1.42898700398432e-05
"312","rs1040297",NA,NA,1,4.133,3.58e-05,"??+??",1.8829773929443e-05
"313","rs12174208",NA,NA,1,4.14,3.47e-05,"??+??",1.85287020841961e-05
"314","rs17035827","a","g",1,-1.986,0.047,"?-???",0.0179784537960082
"315","rs4635684",NA,NA,1,4.321,1.55e-05,"??+??",1.20507535272582e-05
"316","rs225518","a","g",2,5.629,1.815e-08,"??+?+",3.5081736366511e-08
"317","rs8011732",NA,NA,1,4.229,2.35e-05,"??+??",1.48569981308465e-05
"318","rs2361107","c","g",2,0,1,"??+?-",0.280328739209692
"319","rs2169411",NA,NA,1,4.159,3.19e-05,"??+??",1.7719362430077e-05
"320","rs1898883",NA,NA,1,4.101,4.11e-05,"??+??",2.01624982590374e-05
"321","rs2663101","t","g",2,0,0.9999,"??+?-",0.28030856419041
"322","rs4615870",NA,NA,1,4.091,4.29e-05,"??+??",2.05752245879487e-05
"323","rs11660890",NA,NA,1,4.011,6.04e-05,"??+??",2.56762502826404e-05
"324","rs7143559",NA,NA,1,3.961,7.46e-05,"??+??",3.01590566132223e-05
"325","rs1463706","c","g",2,5.801,6.604e-09,"??+?+",2.3168584145046e-08
"326","rs4609710",NA,NA,1,4.239,2.25e-05,"??+??",1.45649334660617e-05
"327","rs17141353","a","g",2,5.705,1.166e-08,"??+?+",2.96916631232599e-08
"328","rs936334",NA,NA,1,4.243,2.21e-05,"??+??",1.44441588171917e-05
"329","rs12227600",NA,NA,1,4.203,2.63e-05,"??+??",1.5888058705294e-05
"330","rs11157339",NA,NA,1,4.105,4.04e-05,"??+??",1.99968523585175e-05
"331","rs3736877",NA,NA,1,4.061,4.88e-05,"??+??",2.18075524382155e-05
"332","rs17059155","t","g",2,0,0.9998,"??+-?",0.280288388039937
"333","rs11180828","a","g",2,5.776,7.65e-09,"??++?",2.48930643290423e-08
"334","rs10144552","a","g",2,0.536,0.5922,"??+?-",0.187438257273045
"335","rs62068265","c","g",1,-3.264,0.0011,"-????",0.000428292139854302
"336","rs4901589",NA,NA,1,4.391,1.13e-05,"??+??",9.99046171532488e-06
"337","rs16935812","t","c",2,0,0.9998,"??+?-",0.280288388039937
"338","rs16837531","a","g",2,5.9,3.628e-09,"??+?+",1.7181105877309e-08
"339","rs942317","a","c",2,5.689,1.28e-08,"??+?+",3.06970774113171e-08
"340","rs7875774",NA,NA,1,3.956,7.63e-05,"??+??",3.06664619459558e-05
"341","rs8083730","a","g",2,0,1,"??+?-",0.280328739209692
"342","rs10215173",NA,NA,1,4.213,2.52e-05,"??+??",1.54899898310819e-05
"343","rs4812755",NA,NA,1,3.95,7.8e-05,"??+??",3.11679842068563e-05
"344","rs9582972",NA,NA,1,4.389,1.14e-05,"??+??",1.00460634068477e-05
"345","rs4982533",NA,NA,1,4.13,3.62e-05,"??+??",1.89370308299065e-05
"346","rs2331473",NA,NA,1,4.138,3.51e-05,"??+??",1.86392362064197e-05
"347","rs4129976",NA,NA,1,4.49,7.12e-06,"??+??",7.29007834821465e-06
"348","rs485191",NA,NA,1,4.134,3.56e-05,"??+??",1.8775706189809e-05
"349","rs6889348",NA,NA,1,3.967,7.27e-05,"??+??",2.95848664167968e-05
"350","rs17035818","c","g",1,-0.755,0.45,"?-???",0.14914290621865
"351","rs6705712","c","g",2,0,1,"??+?-",0.280328739209692
"352","rs3770393","a","g",2,0,1,"??+?-",0.280328739209692
"353","rs11769233","a","t",2,0,0.9999,"??+?-",0.28030856419041
"354","rs4145262","a","c",2,0,0.9999,"??+-?",0.28030856419041
"355","rs2823455",NA,NA,1,4.44,9e-06,"??+??",8.60324432752369e-06
"356","rs2190551",NA,NA,1,4.169,3.06e-05,"??+??",1.73210235102286e-05
"357","rs3804375",NA,NA,1,4.109,3.97e-05,"??+??",1.98282082646283e-05
"358","rs670922",NA,NA,1,4.239,2.25e-05,"??+??",1.45649334660617e-05
"359","rs16876403","t","c",2,0,1,"??+?-",0.280328739209692
"360","rs571049",NA,NA,1,4.103,4.08e-05,"??+??",2.00918691366864e-05
"361","rs4300338",NA,NA,1,3.912,9.15e-05,"??+??",3.56401135676431e-05
"362","rs802660","t","c",2,0,1,"??+?-",0.280328739209692
"363","rs2016795",NA,NA,1,3.95,7.82e-05,"??+??",3.12266047944402e-05
"364","rs6852066","t","c",1,1.542,0.123,"?+???",0.0457208213132619
"365","rs12264969",NA,NA,1,4.702,2.57e-06,"??+??",3.17835988453232e-06
"366","rs12482461","a","g",2,0,0.9999,"??+?-",0.28030856419041
"367","rs1885628",NA,NA,1,4.089,4.34e-05,"??+??",2.0686617332403e-05
"368","rs10796116","a","g",2,5.503,3.743e-08,"??+?+",5.85226910508878e-08
"369","rs12620026",NA,NA,1,4.074,4.63e-05,"??+??",2.13065282787717e-05
"370","rs491388",NA,NA,1,4.241,2.23e-05,"??+??",1.45048363299887e-05
"371","rs506806",NA,NA,1,4.24,2.24e-05,"??+??",1.45349569234368e-05
"372","rs10941516","a","g",2,5.669,1.437e-08,"??+?+",3.19043259409507e-08
"373","rs1463449",NA,NA,1,4.238,2.26e-05,"??+??",1.45947669887762e-05
"374","rs9384167",NA,NA,1,4.132,3.6e-05,"??+??",1.888354801418e-05
"375","rs10514202","t","c",2,0,0.9999,"??+-?",0.28030856419041
"376","rs502140",NA,NA,1,4.249,2.15e-05,"??+??",1.42585587094984e-05
"377","rs17051362",NA,NA,1,3.972,7.14e-05,"??+??",2.91876136084773e-05
"378","rs12617599","c","g",2,5.606,2.072e-08,"??+?+",3.6810367107236e-08
"379","rs11210604",NA,NA,1,5.123,3.01e-07,"??+??",4.28646095370963e-07
"380","rs7542068",NA,NA,1,4.437,9.14e-06,"??+??",8.69409238847558e-06
"381","rs7622673",NA,NA,1,4.296,1.74e-05,"??+??",1.2827955943572e-05
"382","rs6557819",NA,NA,1,3.944,8.02e-05,"??+??",3.18171479653648e-05
"383","rs132617","t","c",2,0,1,"??+-?",0.280328739209692
"384","rs12625405","t","c",2,6.118,9.477e-10,"??+?+",1.0604820411902e-08
"385","rs562553",NA,NA,1,4.237,2.27e-05,"??+??",1.46244585126795e-05
"386","rs10415555",NA,NA,1,5.214,1.85e-07,"??+??",2.7309111263161e-07
"387","rs11642659",NA,NA,1,4.381,1.18e-05,"??+??",1.02648967303042e-05
"388","rs2367937","a","g",2,0,0.9999,"??+?-",0.28030856419041
"389","rs802669","a","g",2,0.055,0.9559,"??+?-",0.271320440044935
"390","rs6733840",NA,NA,1,4.012,6.02e-05,"??+??",2.56098113585289e-05
"391","rs508733","a","g",2,0,0.9999,"??+?-",0.28030856419041
"392","rs13018470","t","c",2,0,0.9999,"??+-?",0.28030856419041
"393","rs827392","a","g",2,0.001,0.9995,"??+?-",0.280227852800421
"394","rs7726399","a","c",2,0,0.9999,"??+-?",0.28030856419041
"395","rs10188142","t","c",2,0,1,"??+?-",0.280328739209692
"396","rs17149618","a","g",2,6.027,1.67e-09,"??+?+",1.24448714595095e-08
